Username,Password,ModuleListing_nid,ModuleDetail_nid,ProductDetail_nid,StoryDetail_nid,searchTerm,langCode,VideoDetail_nid
vapiph,1234,86367,86299,87276,89514,aerin,zh-hans,89563
jemathe,1234,86394,86294,87271,89558,brightening,Zh-hant,81260
clavudal,1234,85837,86297,14838,89545,Powder,Ko,81257
kostiwed,1234,85815,86305,87300,89557,Smudge,Bg,89561
kudosevu,1234,85784,86301,87301,89458,Double,El,86194
lagochok,1234,86391,86429,89564,89565,brow,en,86206
nuchosuh,1234,86414,86428,87259,89514,multi,zh-hans,89563
ceneponos,1234,86392,86432,87262,89539,advance,th,86196
chikuuude,1234,86413,86430,87276,89545,wear,el,86194
wufrashat,1234,86395,86433,87261,89560,stay,ko,86201
spegipracr,1234,86393,86434,87271,89558,micro,ja,86206
tocasecrir,1234,86396,86535,87297,89513,ultimate,ru,86207
uedratrelo,1234,85838,86532,87300,89457,essence,vi,86198
spauawruspu,1234,85841,86533,87299,86310,rich,zh-hant,86197
claclemacler,1234,85817,86534,87298,86484,creme,ar,86204
panamoprephe,1234,85849,86499,86414,89425,finishing,bg,86199
pebacregacho,1234,85831,86500,87305,85995,night,hr,86201
codres,1234,85782,86501,86414,86311,treatment,cs,86206
chusubo,1234,85814,86505,87306,86309,soft,da,86207
cluwiuima,1234,86398,86504,87307,86308,power,et,81257
slowidraw,1234,86367,86503,79069,89516,powder,fil,89561
dedikiprov,1234,86394,86502,79043,89457,anti,fil,86194
sheprohich,1234,85837,86351,1207,89494,aging,nl,86206
terophapra,1234,85815,86367,997,86308,balm,fil,89563
stodraphusw,1234,85784,86369,77494,86418,wakeup,fr,86196
waracotatec,1234,86391,86368,82156,89425,global,frca,86194
hiclukauigas,1234,86414,86370,87263,89516,pure,he,86201
shositisehul,1234,86392,86371,87289,89539,color,de,86206
uuwriwaprish,1234,86413,86299,14701,86259,beauty,hu,86207
hocror,1234,86395,86294,87285,89539,envy,tr,86198
fracrat,1234,86393,86297,87276,89456,place,sv,81257
hanabreba,1234,86396,86305,87271,89459,lip,essp,89561
shinovosw,1234,85838,86301,14838,86222,pencil,es,86194
vibadrith,1234,85841,86429,87300,86426,lipstic,ro,86206
dronapushi,1234,85817,86428,87301,86420,makeup,pt,89563
swaspucusp,1234,85849,86432,89564,86241,matte,pl,86196
sauushefral,1234,85831,86430,87259,86221,bronze,nb,86194
ricrijecosah,1234,85782,86433,87262,86486,nutritious,lt,86201
tragot,1234,85814,86434,87276,86387,perfectionist,lv,86206
bajupho,1234,86398,86535,87261,86259,instant,it,86207
debrusla,1234,85831,86532,87271,89377,resurfacing,id,86198
precifro,1234,85782,86533,87297,86387,volumizer,is,86194
shuswoti,1234,85814,86534,87300,86236,sugar,zh-hans,86206
shitrasolup,1234,86398,86499,87299,86387,scrub,Zh-hant,89563
thahohivist,1234,86367,86500,87298,89375,concealer,Ko,86196
tispavatote,1234,86394,86501,86414,89514,rapid,Bg,86194
getheuuthist,1234,85837,86505,87305,89558,renewal,El,86201
shajospamidu,1234,85815,86504,86414,89545,aerin,en,86206
shanocrobrou,1234,85784,86503,87306,89557,blossom,zh-hans,86207
milepi,1234,86413,86502,87307,89458,eye,th,86198
sluviv,1234,86367,86351,79069,89565,double,el,86201
tothos,1234,86394,86367,79043,89514,wear,ko,86206
wrudri,1234,85837,86369,1207,89539,SPF,ja,86207
duhetre,1234,85815,86368,997,89545,aerin,ru,89563
moshosodre,1234,85784,86370,77494,89560,brightening,vi,81260
sligelecle,1234,86391,86371,82156,89558,Powder,zh-hant,81257
uuwrinodri,1234,86414,86299,87263,89513,Smudge,ar,89561
decegajibob,1234,86392,86294,87289,89457,Double,bg,86194
cristohiphod,1234,86413,86297,14701,86310,brow,hr,86206
dabrawokoges,1234,86395,86305,87285,86484,multi,cs,89563
gahupipidrup,1234,86393,86301,87299,89425,advance,da,86196
pupiponeshop,1234,86396,86429,87298,85995,wear,et,86194
spaputrususp,1234,85838,86428,86414,86311,stay,fil,86201
stespacrepre,1234,85841,86432,87305,86309,micro,fil,86206
woprumahisli,1234,85817,86430,86414,86308,ultimate,nl,86207
hofrav,1234,85849,86433,87306,89516,essence,fil,86198
lucleb,1234,85831,86434,87307,89457,rich,fr,86197
slatra,1234,85782,86535,79069,89494,creme,frca,86204
sobrec,1234,85814,86532,79043,86308,finishing,he,86199
sumiwr,1234,86398,86533,1207,86418,night,de,86206
tidirugu,1234,85831,86534,997,89425,treatment,hu,86196
clofrukep,1234,85782,86499,77494,89516,soft,tr,86194
prewedubr,1234,85814,86500,82156,89539,power,sv,86201
wrusethos,1234,86398,86501,87263,86259,powder,essp,86206
drisashevi,1234,86367,86505,87289,89539,anti,es,86207
drostuwrej,1234,86394,86504,14701,89456,aging,ro,86198
phogechislu,1234,85837,86503,87285,89459,balm,pt,86197
vucrowrunos,1234,85815,86502,87276,86222,wakeup,pl,86204
spupobotrisi,1234,85784,86351,87261,86426,global,nb,86199
nawrathacast,1234,86394,86367,87271,86420,pure,lt,86194
spukiswic,1234,85837,86369,87297,86241,color,lv,86201
brecoswewr,1234,85815,86368,87300,86221,beauty,it,86206
chonihouap,1234,85784,86370,87299,86486,envy,id,86207
slechojirac,1234,86391,86371,87298,86387,place,is,86198
sumuthukefr,1234,86414,86299,86414,86259,lip,zh-hans,86197
tretajosodr,1234,86392,86294,87305,89377,pencil,Zh-hant,86204
wrojowr,1234,86413,86297,86414,86387,lipstic,Ko,86199
clepaswas,1234,86395,86305,87306,86236,makeup,Bg,86196
cithamifrufr,1234,86393,86301,87307,86387,matte,El,86194
spufrituswad,1234,86396,86429,79069,89375,bronze,en,86201
gishucla,1234,85838,86428,79043,89514,nutritious,zh-hans,86206
swudopadu,1234,85841,86432,1207,89558,perfectionist,th,86207
spuhusapop,1234,85817,86430,997,89545,instant,el,86198
slaradewerat,1234,85849,86433,77494,89557,resurfacing,ko,86197
thisped,1234,85831,86434,82156,89458,volumizer,ja,86204
despepar,1234,85782,86535,87263,89565,sugar,ru,86199
slewrasw,1234,85814,86532,87289,89514,scrub,vi,86206
thubrase,1234,86398,86533,14701,89539,concealer,zh-hant,86194
worafrucles,1234,85831,86534,87285,89545,rapid,ar,86201
baprobresela,1234,85782,86499,87300,89560,renewal,bg,86206
dikunud,1234,85814,86500,87299,89558,aerin,hr,81257
swedric,1234,86398,86501,87298,89513,blossom,cs,89563
habresha,1234,86367,86505,86414,89457,eye,da,81260
tropridra,1234,86394,86504,87305,86310,double,et,81257
gigacuprov,1234,85837,86503,86414,86484,wear,fil,89561
drutothubra,1234,85815,86502,14838,89425,SPF,fil,86194
treswikumus,1234,85784,86351,87300,85995,aerin,nl,86206
hacremid,1234,85837,86367,87301,86311,brightening,fil,89563
mopestosauu,1234,85815,86369,89564,86309,Powder,fr,86196
stugahoswin,1234,85784,86368,87259,86308,Smudge,frca,86194
lakach,1234,86391,86370,87262,89516,Double,he,86201
jakocrona,1234,86414,86371,87276,89457,brow,de,86206
marevipheb,1234,86392,86299,87261,89494,multi,hu,86207
trebustibo,1234,86413,86294,87271,86308,advance,tr,86198
kotheslubau,1234,86395,86297,87297,86418,wear,sv,86197
pevitumetese,1234,86393,86305,87300,89425,stay,essp,86204
mushot,1234,86396,86301,87299,89516,micro,es,86199
probethi,1234,85838,86429,87298,89539,ultimate,ro,86196
labakodri,1234,85841,86428,86414,86259,essence,pt,86194
paluvomibud,1234,85817,86432,87305,89539,rich,pl,86201
clethich,1234,85849,86430,86414,89456,creme,nb,86206
soslomus,1234,85831,86433,87306,89459,finishing,lt,86207
spothoha,1234,85782,86434,87307,86222,night,lv,86198
rinistaras,1234,85814,86535,79069,86426,treatment,it,86197
wranestich,1234,86398,86532,79043,86420,soft,id,86204
bratum,1234,86367,86533,1207,86241,power,is,86199
phibupr,1234,86394,86534,997,86221,powder,zh-hans,86196
swowrupedr,1234,85837,86499,77494,86486,anti,Zh-hant,86194
wrothoprec,1234,85815,86500,82156,86387,aging,Ko,86201
phonobretim,1234,85784,86501,87263,86259,balm,Bg,86206
bauupa,1234,86391,86505,87289,89377,wakeup,El,86207
cliswoh,1234,86414,86504,14701,86387,global,en,86198
phenutro,1234,86392,86503,87285,86236,pure,zh-hans,86197
cradeswuc,1234,86413,86502,87259,86387,color,th,86204
tepheswam,1234,86395,86351,87262,89375,beauty,el,86199
nabavuvoju,1234,86391,86367,87276,89514,envy,ko,86204
drudeb,1234,86367,86369,87261,89558,place,ja,86199
swoprejuphu,1234,86394,86368,87271,89545,lip,ru,86196
vejeveswacl,1234,85837,86370,87297,89557,pencil,vi,86194
wrasobritha,1234,85815,86371,87300,89458,lipstic,zh-hant,86201
climiwr,1234,85784,86299,87299,89565,makeup,ar,86206
clasushu,1234,86391,86294,87298,89514,matte,bg,86207
stovotha,1234,86414,86297,86414,89539,bronze,hr,86198
shihidibuc,1234,86392,86305,87305,89545,nutritious,cs,86197
befrephauar,1234,86413,86301,86414,89560,perfectionist,da,86204
spetiriprap,1234,86395,86429,87306,89558,instant,et,86199
sipenolatr,1234,86414,86428,87307,89513,resurfacing,fil,86197
kechotejupr,1234,86392,86432,79069,89457,volumizer,fil,86204
jasabrespipo,1234,86413,86430,79043,86310,sugar,nl,86199
stawaruuuwim,1234,86395,86433,1207,86484,scrub,fil,86196
uihiuetol,1234,86393,86434,997,89425,concealer,fr,86194
nikocrowum,1234,86396,86535,77494,85995,rapid,frca,86201
dukovethibr,1234,85838,86532,82156,86311,renewal,he,86206
guslifrutuk,1234,85841,86533,87263,86309,aerin,de,86207
pobricleboju,1234,85817,86534,87289,86308,blossom,hu,86198
ueclur,1234,85849,86499,14701,89516,eye,tr,86197
guclabr,1234,85831,86500,87285,89457,double,sv,86204
cruphapr,1234,85782,86501,87306,89494,wear,essp,86199
nowichos,1234,85814,86505,87307,86308,SPF,es,86206
swinicashad,1234,86398,86504,79069,86418,blossom,ro,89563